Workbook

Sheet cnpm 24cntt1
A1: ĐẠI HỌC ĐÀ NẴNG | C1: CỘNG HÒA XÃ HỘI CHỦ NGHĨA VIỆT NAM
A2: TRƯỜNG ĐẠI HỌC SƯ PHẠM | C2: Độc lập - Tự do - Hạnh phúc
A3: DANH SÁCH LỚP HỌC PHẦN
A4: Học kỳ: 1 Năm học 2026-2027
A5: Mã học phần: 31231016 | E5: Tên học phần: Công nghệ phần mềm
A6: Số tín chỉ: 3 | E6: Nhóm học phần: 24-0102
A7: STT | B7: Mã SV | C7: Họ và tên | E7: Ngày sinh | F7: Lớp SH | G7: Nhóm | H7: Notes
A8: 1 | B8: 3120224021 | C8: Trương Công Quảng | D8: Đại | E8: 20-2-2006 | F8: 24CNTT3 | G8: 6
A9: 2 | B9: 3120224181 | C9: Phommaket | D9: Hatsady | E9: 24-11-2005 | F9: 24CNTT3 | G9: 5
A10: 3 | B10: 3120224079 | C10: Nguyễn Văn | D10: Khôi | E10: 1-1-2006 | F10: 24CNTT3 | G10: 6
A11: 4 | B11: 3120224082 | C11: Phùng Đình Tuấn | D11: Kiệt | E11: 10-5-2006 | F11: 24CNTT3 | G11: 6
A12: 5 | B12: 3120224085 | C12: Nguyễn Văn | D12: Linh | E12: 25-6-2006 | F12: 24CNTT3 | G12: 6
A13: 6 | B13: 3120224088 | C13: Tô Thị Mai | D13: Linh | E13: 27-11-2006 | F13: 24CNTT3 | G13: 8
A14: 7 | B14: 3120224101 | C14: Trương Hồng | D14: Ngọc | E14: 1-3-2006 | F14: 24CNTT3 | G14: 8
A15: 8 | B15: 3120224141 | C15: Võ Trọng | D15: Thủy | E15: 10-3-2006 | F15: 24CNTT3 | G15: 12
A16: 9 | B16: 3120224160 | C16: Nguyễn Thanh | D16: Trúc | E16: 6-6-2006 | F16: 24CNTT3 | G16: 10
A17: 10 | B17: 3120224163 | C17: Nguyễn Quốc | D17: Trung | E17: 3-7-2006 | F17: 24CNTT3 | G17: 12
A18: 11 | B18: 3120224171 | C18: Nguyễn Anh | D18: Tuấn | E18: 6-9-2004 | F18: 24CNTT3 | G18: 6
A19: 12 | B19: 3120224008 | C19: Hoàng Gia | D19: Bảo | E19: 1-12-2006 | F19: 24CNTT2 | G19: 3
... A61: 54 | B61: 3120123017 | C61: Nguyễn Thị Mỹ | D61: Lan | E61: 26-11-2005 | F61: 23SPT | G61: 14
A62: 55 | B62: 3120224058 | C62: Nguyễn Nhật | D62: Hoài | E62: 28-10-2006 | F62: 24CNTT2 | G62: 1 | H62: t2
A63: 56 | B63: 3120224105 | C63: Lê Nguyễn Gia | D63: Nhân | E63: 28-10-2005 | F63: 24CNTT1 | G63: 12 | H63: t2
A64: 57 | B64: 3120224115 | C64: Hồ Sĩ | D64: Quân | E64: 15-5-2006 | F64: 24CNTT1 | G64: 13 | H64: t2
A65: 58 | B65: 3120224083 | C65: Đặng Công Hoài | D65: Linh | E65: 28-1-2006 | F65: 24CNTT1 | G65: 13 | H65: t5-101112
A66: 59 | B66: 3120224080 | C66: Nguyễn Ngọc Song | D66: Khuyên | E66: 19-8-2006 | F66: 24CNTT1 | G66: 7 | H66: t5-101112
A67: 60 | B67: 3120224098 | C67: Trần Thị Bảo | D67: Ngân | E67: 30-10-2006 | F67: 24CNTT3 | G67: 8 | H67: t5-101112
A68: 61 | B68: 3120224032 | C68: Nguyễn Phạm Tiến | D68: Dũng | E68: 28-8-2006 | F68: 24CNTT2 | G68: 2 | H68: t5-101112
A69: 62 | B69: 3120224065 | C69: Đinh Trịnh Ngọc | D69: Hưng | E69: 12-12-2006 | F69: 24CNTT2 | G69: 2 | H69: t5-101112
A70: 63 | B70: 3120224069 | C70: Lê Công | D70: Huy | E70: 21-5-2006 | F70: 24CNTT2 | G70: 3 | H70: t5-101112
A71: 64 | B71: 3120224116 | C71: Lê Minh | D71: Quân | E71: 29-3-2006 | F71: 24CNTT2 | G71: 2 | H71: t5-101112
A72: 65 | B72: 3120224153 | C72: Nguyễn Thị Kiều | D72: Trang | E72: 28-11-2006 | F72: 24CNTT2 | G72: 2 | H72: t5-101112
A73: 66 | B73: 3120224096 | C73: Lê Thị A | D73: Na | E73: 5-7-2006 | F73: 24CNTT1 | G73: 7 | H73: t5-101112
A74: 67 | B74: 3120224177 | C74: Hồ Dương Thanh | D74: Việt | E74: 25-9-2006 | F74: 24CNTT1 | G74: 7 | H74: t5-101112
B79: Danh sách này có: 54 sinh viên đăng ký học
F80: Đà Nẵng, Ngày tháng năm 20....
F81: Cán bộ giảng dạy
F82: (Ký và ghi rõ họ tên)

Sheet group
A1: Group | B1: Quantity | C1: GroupID | D1: ProjectID | E1: Project Code | F1: Project Name
A2: 1 | B2: =COUNTIF('cnpm 24cntt1'!$G$8:$G$79,A2) -> 5 | C2: ="0"&A2 -> 01 | D2: 7 | E2: =VLOOKUP(D2,project!$A$2:$B$15,2,FALSE) -> BS7 | F2: =VLOOKUP(D2,project!$A$2:$C$15,3,FALSE) -> Chăm sóc KH (Liên hệ)
A3: 2 | B3: =COUNTIF('cnpm 24cntt1'!$G$8:$G$79,A3) -> 5 | C3: ="0"&A3 -> 02 | D3: 5 | E3: =VLOOKUP(D3,project!$A$2:$B$15,2,FALSE) -> BS5 | F3: =VLOOKUP(D3,project!$A$2:$C$15,3,FALSE) -> Tìm kiếm
A4: 3 | B4: =COUNTIF('cnpm 24cntt1'!$G$8:$G$79,A4) -> 5 | C4: ="0"&A4 -> 03 | D4: 10 | E4: =VLOOKUP(D4,project!$A$2:$B$15,2,FALSE) -> VR3 | F4: =VLOOKUP(D4,project!$A$2:$C$15,3,FALSE) -> Đặt hàng
A5: 4 | B5: =COUNTIF('cnpm 24cntt1'!$G$8:$G$79,A5) -> 4 | C5: ="0"&A5 -> 04 | D5: 13 | E5: =VLOOKUP(D5,project!$A$2:$B$15,2,FALSE) -> VR6 | F5: =VLOOKUP(D5,project!$A$2:$C$15,3,FALSE) -> Giao hàng
A6: 5 | B6: =COUNTIF('cnpm 24cntt1'!$G$8:$G$79,A6) -> 5 | C6: ="0"&A6 -> 05 | D6: 9 | E6: =VLOOKUP(D6,project!$A$2:$B$15,2,FALSE) -> VR2 | F6: =VLOOKUP(D6,project!$A$2:$C$15,3,FALSE) -> Quản lí
A7: 6 | B7: =COUNTIF('cnpm 24cntt1'!$G$8:$G$79,A7) -> 5 | C7: ="0"&A7 -> 06 | D7: 1 | E7: =VLOOKUP(D7,project!$A$2:$B$15,2,FALSE) -> BS1 | F7: =VLOOKUP(D7,project!$A$2:$C$15,3,FALSE) -> Phân quyền
A8: 7 | B8: =COUNTIF('cnpm 24cntt1'!$G$8:$G$79,A8) -> 6 | C8: ="0"&A8 -> 07 | D8: 2 | E8: =VLOOKUP(D8,project!$A$2:$B$15,2,FALSE) -> BS2 | F8: =VLOOKUP(D8,project!$A$2:$C$15,3,FALSE) -> Quản lí
A9: 8 | B9: =COUNTIF('cnpm 24cntt1'!$G$8:$G$79,A9) -> 4 | C9: ="0"&A9 -> 08 | D9: 6 | E9: =VLOOKUP(D9,project!$A$2:$B$15,2,FALSE) -> BS6 | F9: =VLOOKUP(D9,project!$A$2:$C$15,3,FALSE) -> Giao hàng
A10: 9 | B10: =COUNTIF('cnpm 24cntt1'!$G$8:$G$79,A10) -> 6 | C10: ="0"&A10 -> 09 | D10: 12 | E10: =VLOOKUP(D10,project!$A$2:$B$15,2,FALSE) -> VR5 | F10: =VLOOKUP(D10,project!$A$2:$C$15,3,FALSE) -> Tìm kiếm
A11: 10 | B11: =COUNTIF('cnpm 24cntt1'!$G$8:$G$79,A11) -> 5 | C11: =_xlfn.VALUETOTEXT(A11) -> 10 | D11: 11 | E11: =VLOOKUP(D11,project!$A$2:$B$15,2,FALSE) -> VR4 | F11: =VLOOKUP(D11,project!$A$2:$C$15,3,FALSE) -> Thanh toán
A12: 11 | B12: =COUNTIF('cnpm 24cntt1'!$G$8:$G$79,A12) -> 4 | C12: =_xlfn.VALUETOTEXT(A12) -> 11 | D12: 14 | E12: =VLOOKUP(D12,project!$A$2:$B$15,2,FALSE) -> VR7 | F12: =VLOOKUP(D12,project!$A$2:$C$15,3,FALSE) -> Chăm sóc KH (Liên hệ)
A13: 12 | B13: =COUNTIF('cnpm 24cntt1'!$G$8:$G$79,A13) -> 5 | C13: =_xlfn.VALUETOTEXT(A13) -> 12 | D13: 3 | E13: =VLOOKUP(D13,project!$A$2:$B$15,2,FALSE) -> BS3 | F13: =VLOOKUP(D13,project!$A$2:$C$15,3,FALSE) -> Đặt hàng
A14: 13 | B14: =COUNTIF('cnpm 24cntt1'!$G$8:$G$79,A14) -> 6 | C14: =_xlfn.VALUETOTEXT(A14) -> 13 | D14: 8 | E14: =VLOOKUP(D14,project!$A$2:$B$15,2,FALSE) -> VR1 | F14: =VLOOKUP(D14,project!$A$2:$C$15,3,FALSE) -> Phân quyền
A15: 14 | B15: =COUNTIF('cnpm 24cntt1'!$G$8:$G$79,A15) -> 2 | C15: =_xlfn.VALUETOTEXT(A15) -> 14 | D15: 4 | E15: =VLOOKUP(D15,project!$A$2:$B$15,2,FALSE) -> BS4 | F15: =VLOOKUP(D15,project!$A$2:$C$15,3,FALSE) -> Thanh toán
B16: =SUM(B2:B15) -> 67

Sheet project
A1: No. | B1: Project Code | C1: Modules | D1: Project 1: | E1: Book shop
A2: 1 | B2: BS1 | C2: Phân quyền | D2: Module Code | E2: Module Name | F2: Gợi ý
A3: 2 | B3: BS2 | C3: Quản lí | D3: 1 | E3: Phân quyền | F3: Admin, Manager, Staff, Customer
A4: 3 | B4: BS3 | C4: Đặt hàng | D4: 2 | E4: Quản lí | F4: Book
A5: 4 | B5: BS4 | C5: Thanh toán | D5: 3 | E5: Đặt hàng | F5: New, Accepted
A6: 5 | B6: BS5 | C6: Tìm kiếm | D6: 4 | E6: Thanh toán | F6: Paid
A7: 6 | B7: BS6 | C7: Giao hàng | D7: 5 | E7: Tìm kiếm
A8: 7 | B8: BS7 | C8: Chăm sóc KH (Liên hệ) | D8: 6 | E8: Giao hàng | F8: On-going, Delivered, Completed
A9: 8 | B9: VR1 | C9: Phân quyền | D9: 7 | E9: Chăm sóc KH (Liên hệ)
A10: 9 | B10: VR2 | C10: Quản lí
A11: 10 | B11: VR3 | C11: Đặt hàng | D11: Project 2: | E11: Vehicle rental
A12: 11 | B12: VR4 | C12: Thanh toán | D12: Module Code | E12: Module Name
A13: 12 | B13: VR5 | C13: Tìm kiếm | D13: 1 | E13: Phân quyền
A14: 13 | B14: VR6 | C14: Giao hàng | D14: 2 | E14: Quản lí | F14: Car, Motocycle, Cycle
A15: 14 | B15: VR7 | C15: Chăm sóc KH (Liên hệ) | D15: 3 | E15: Đặt hàng
D16: 4 | E16: Thanh toán
D17: 5 | E17: Tìm kiếm
D18: 6 | E18: Giao hàng
D19: 7 | E19: Chăm sóc KH (Liên hệ)

Sheet convention
A1: Quy ước đặt tên sản phẩm giữa kỳ
B2: [GoupID]_[Project Code]_[Product Name]
A3: Ví dụ: | B3: 06_BS1_requirement & design.docx
C4: Nhóm & % đóng góp
C5: Yêu cầu: User Story
C6: Thiết kế: Sơ đồ CSDL quan hệ + DB scripts
